Branch_code,diameter,new_twigs,old_twigs
B01,8.1,0.0178531,0.043070076
B02,13.8,0.02909091,0.08641584
B03,8.3,0.018247409,0.04459098
B04,9.2,0.0200218,0.051435048
B05,12.2,0.025936437,0.074248608
B06,10.4,0.022387655,0.060560472
B07,8,0.017655946,0.042309624
B08,4.8,0.011347,0.01797516
B09,6.1,0.013910009,0.027861036
B10,8.7,0.019036028,0.047632788
,,,
Bmin,4.8,,
Bmax,13.8,,
New min,0.011347,,
New max,0.02909091,,
Old min,0.01797516,,
old max,0.08641584,,
