branch,ratio
0,1.69047619
1,3.448430493
2,2.196551724
3,2.222222222
4,2.570850202
5,2.472413793
6,3.133333333
7,1.247368421
8,2.52739726
9,2.091428571
